"","Date","Open","High","Low","Settle","Volume","Prev. Day Open Interest"
"1",2016-09-19,100.301,100.301,100.301,100.301,0,3718
"2",2016-09-16,100.305,100.305,100.305,100.305,0,3718
"3",2016-09-15,100.305,100.305,100.305,100.305,1,3718
"4",2016-09-14,100.305,100.305,100.305,100.305,0,3718
"5",2016-09-13,100.305,100.305,100.305,100.305,0,3718
"6",2016-09-12,0,0,0,100.305,0,3719
"7",2016-09-09,0,0,0,100.305,1,3718
"8",2016-09-08,0,0,0,100.305,25,3847
"9",2016-09-07,100.31,100.31,100.31,100.315,100,3817
"10",2016-09-06,0,0,0,100.315,0,3817
"11",2016-09-05,0,0,0,100.31,0,3817
"12",2016-09-02,0,0,0,100.31,0,3847
"13",2016-09-01,0,0,0,100.305,30,3847
"14",2016-08-31,0,0,0,100.305,0,3847
"15",2016-08-30,0,0,0,100.305,0,3847
"16",2016-08-29,0,0,0,100.305,0,3847
"17",2016-08-26,0,0,0,100.305,0,3847
"18",2016-08-25,0,0,0,100.305,0,3847
"19",2016-08-24,0,0,0,100.305,0,3847
"20",2016-08-23,0,0,0,100.31,0,3847
"21",2016-08-22,100.31,100.31,100.31,100.31,40,3849
"22",2016-08-19,0,0,0,100.31,0,3849
"23",2016-08-18,0,0,0,100.31,0,3849
"24",2016-08-17,0,0,0,100.31,0,3849
"25",2016-08-16,100.315,100.315,100.315,100.31,1,3849
"26",2016-08-15,0,0,0,100.315,200,3999
"27",2016-08-12,0,0,0,100.315,0,3999
"28",2016-08-11,0,0,0,100.315,0,3999
"29",2016-08-10,0,0,0,100.315,0,3999
"30",2016-08-09,100.31,100.31,100.31,100.315,37,3999
"31",2016-08-08,100.315,100.315,100.315,100.315,19,3989
"32",2016-08-05,100.315,100.315,100.315,100.315,50,3969
"33",2016-08-04,100.315,100.315,100.315,100.315,24,3969
"34",2016-08-03,0,0,0,100.315,0,4218
"35",2016-08-02,100.31,100.31,100.31,100.315,654,4623
"36",2016-08-01,0,0,0,100.315,0,4623
"37",2016-07-29,0,0,0,100.315,0,4623
"38",2016-07-28,0,0,0,100.315,100,4623
"39",2016-07-27,0,0,0,100.315,50,4673
"40",2016-07-26,100.31,100.315,100.31,100.315,7,4676
"41",2016-07-25,0,0,0,100.315,100,4776
"42",2016-07-22,0,0,0,100.315,0,4776
"43",2016-07-21,100.315,100.315,100.31,100.315,22,4776
"44",2016-07-20,0,0,0,100.315,0,4776
"45",2016-07-19,0,0,0,100.32,30,4776
"46",2016-07-18,100.315,100.32,100.315,100.32,212,4976
"47",2016-07-15,0,0,0,100.315,0,4976
"48",2016-07-14,100.315,100.315,100.315,100.32,64,5006
"49",2016-07-13,100.33,100.33,100.33,100.33,9,5006
"50",2016-07-12,100.325,100.325,100.325,100.325,1,5006
"51",2016-07-11,100.335,100.335,100.335,100.33,12,5007
"52",2016-07-08,0,0,0,100.335,0,5007
"53",2016-07-07,100.335,100.34,100.335,100.335,5,5007
"54",2016-07-06,0,0,0,100.34,0,5018
"55",2016-07-05,100.34,100.34,100.34,100.34,11,5007
"56",2016-07-04,0,0,0,100.335,0,5007
"57",2016-07-01,100.33,100.33,100.33,100.325,11,5007
"58",2016-06-30,100.31,100.31,100.31,100.315,152,4855
"59",2016-06-29,100.305,100.31,100.305,100.305,16,4855
"60",2016-06-28,0,0,0,100.31,0,4875
"61",2016-06-27,100.295,100.295,100.295,100.3,20,4865
"62",2016-06-24,100.31,100.31,100.31,100.315,10,4855
"63",2016-06-23,100.275,100.275,100.275,100.275,16,4855
"64",2016-06-22,100.275,100.275,100.275,100.275,24,4855
"65",2016-06-21,0,0,0,100.275,0,4855
"66",2016-06-20,100.27,100.27,100.27,100.27,20,4855
"67",2016-06-17,100.27,100.27,100.27,100.27,109,5414
"68",2016-06-16,100.27,100.275,100.27,100.275,1153,4730
"69",2016-06-15,100.27,100.27,100.27,100.27,15,4720
"70",2016-06-14,0,0,0,100.27,0,4720
"71",2016-06-13,100.27,100.27,100.27,100.265,14,5811
"72",2016-06-10,100.265,100.265,100.265,100.265,0,11735
"73",2016-06-09,100.265,100.265,100.265,100.265,0,11735
"74",2016-06-08,100.265,100.265,100.265,100.265,0,11736
"75",2016-06-07,100.265,100.265,100.265,100.26,166,11639
"76",2016-06-06,0,0,0,100.26,34,11673
"77",2016-06-03,0,0,0,100.265,676,11672
"78",2016-06-02,0,0,0,100.26,0,11672
"79",2016-06-01,0,0,0,100.26,0,11672
"80",2016-05-31,0,0,0,100.26,0,11672
"81",2016-05-30,100.26,100.26,100.26,100.26,0,11822
"82",2016-05-27,100.265,100.265,100.265,100.26,773,11628
"83",2016-05-26,100.26,100.26,100.26,100.26,45,11673
"84",2016-05-25,100.26,100.26,100.26,100.26,47,11703
"85",2016-05-24,100.26,100.26,100.26,100.26,0,11703
"86",2016-05-23,100.26,100.26,100.26,100.26,0,11703
"87",2016-05-20,100.26,100.26,100.26,100.26,61,11758
"88",2016-05-19,100.255,100.255,100.255,100.255,11,11758
"89",2016-05-18,100.26,100.26,100.26,100.255,20,11750
"90",2016-05-17,0,0,0,100.255,0,11750
"91",2016-05-16,0,0,0,100.26,0,11754
"92",2016-05-13,100.26,100.26,100.255,100.26,92,11737
"93",2016-05-12,100.265,100.265,100.265,100.265,101,11803
"94",2016-05-11,0,0,0,100.265,100,11738
"95",2016-05-10,0,0,0,100.265,0,11738
"96",2016-05-09,100.255,100.255,100.255,100.26,15,11738
"97",2016-05-06,0,0,0,100.26,0,11738
"98",2016-05-05,100.26,100.26,100.26,100.26,31,11759
"99",2016-05-04,0,0,0,100.26,0,11759
"100",2016-05-03,100.26,100.26,100.255,100.26,135,11773
"101",2016-05-02,100.255,100.255,100.255,100.255,0,11773
"102",2016-04-29,100.255,100.255,100.255,100.255,0,11773
"103",2016-04-28,100.26,100.26,100.26,100.26,5,11778
"104",2016-04-27,100.255,100.255,100.255,100.255,0,11778
"105",2016-04-26,100.26,100.26,100.26,100.255,35,11763
"106",2016-04-25,100.255,100.255,100.255,100.255,4,11763
"107",2016-04-22,100.255,100.255,100.255,100.255,30,11733
"108",2016-04-21,100.255,100.255,100.255,100.25,25,11733
"109",2016-04-20,100.25,100.25,100.25,100.255,213,11723
"110",2016-04-19,100.255,100.255,100.255,100.255,137,11603
"111",2016-04-18,100.26,100.26,100.255,100.255,48,11575
"112",2016-04-15,100.26,100.26,100.255,100.255,14,11575
"113",2016-04-14,100.255,100.255,100.255,100.255,1,11576
"114",2016-04-13,100.265,100.265,100.26,100.26,62,11565
"115",2016-04-12,100.255,100.255,100.255,100.255,19,11549
"116",2016-04-11,100.255,100.255,100.255,100.255,29,11549
"117",2016-04-08,100.255,100.255,100.255,100.25,15,11564
"118",2016-04-07,100.26,100.26,100.26,100.26,15,11549
"119",2016-04-06,100.255,100.255,100.255,100.255,20,11569
"120",2016-04-05,100.26,100.26,100.26,100.255,17,11579
"121",2016-04-04,100.25,100.25,100.25,100.25,30,11589
"122",2016-04-01,100.255,100.255,100.255,100.255,0,11589
"123",2016-03-31,100.255,100.255,100.25,100.255,120,11581
"124",2016-03-30,100.25,100.25,100.25,100.25,7,11574
"125",2016-03-29,100.255,100.255,100.255,100.255,30,11574
"126",2016-03-24,100.25,100.25,100.25,100.255,100,11620
"127",2016-03-23,100.255,100.255,100.255,100.255,0,11620
"128",2016-03-22,100.255,100.255,100.255,100.255,4,11623
"129",2016-03-21,100.255,100.255,100.255,100.255,41,11613
"130",2016-03-18,100.255,100.255,100.255,100.25,5,11610
"131",2016-03-17,100.245,100.245,100.245,100.25,5,11613
"132",2016-03-16,100.245,100.245,100.245,100.245,1,11613
"133",2016-03-15,100.24,100.24,100.24,100.235,1500,11613
"134",2016-03-14,100.24,100.24,100.24,100.245,200,11413
"135",2016-03-11,100.225,100.225,100.225,100.225,3404,5335
"136",2016-03-10,100.25,100.25,100.22,100.225,278,5226
"137",2016-03-09,100.25,100.25,100.245,100.245,1185,4423
"138",2016-03-08,100.25,100.25,100.25,100.25,13,4422
"139",2016-03-07,100.245,100.245,100.245,100.245,0,4422
"140",2016-03-04,100.25,100.25,100.25,100.245,648,4857
"141",2016-03-03,100.255,100.255,100.255,100.26,71,4857
"142",2016-03-02,100.255,100.255,100.25,100.25,342,5082
"143",2016-03-01,100.255,100.255,100.255,100.255,260,5098
"144",2016-02-29,100.255,100.255,100.255,100.265,1,5099
"145",2016-02-26,100.255,100.255,100.255,100.255,500,5599
"146",2016-02-25,100.245,100.245,100.245,100.245,6,5599
"147",2016-02-24,100.24,100.24,100.24,100.24,20,5599
"148",2016-02-23,100.24,100.24,100.24,100.24,136,5599
"149",2016-02-22,100.245,100.245,100.245,100.245,95,5599
"150",2016-02-19,100.255,100.255,100.255,100.255,0,5599
"151",2016-02-18,100.255,100.255,100.255,100.255,0,5729
"152",2016-02-17,100.24,100.245,100.24,100.245,502,5729
"153",2016-02-16,100.24,100.24,100.24,100.24,630,6099
"154",2016-02-15,100.24,100.24,100.24,100.24,0,6099
"155",2016-02-12,100.23,100.23,100.23,100.225,73,6116
"156",2016-02-11,100.24,100.24,100.24,100.225,1,6115
"157",2016-02-10,100.19,100.19,100.19,100.225,4,6115
"158",2016-02-09,100.21,100.21,100.21,100.21,4,6111
"159",2016-02-08,100.235,100.235,100.235,100.195,847,6958
"160",2016-02-05,100.24,100.24,100.24,100.24,0,6958
"161",2016-02-04,100.24,100.24,100.24,100.24,21,6958
"162",2016-02-03,100.24,100.25,100.24,100.245,34,6931
"163",2016-02-02,100.245,100.245,100.245,100.24,16,6915
"164",2016-02-01,100.23,100.23,100.23,100.23,0,6915
"165",2016-01-29,100.245,100.245,100.24,100.25,18,6911
"166",2016-01-28,100.23,100.23,100.23,100.225,32,6879
"167",2016-01-27,100.245,100.245,100.245,100.225,8,6872
"168",2016-01-26,100.245,100.245,100.245,100.245,20,6872
"169",2016-01-25,100.235,100.235,100.235,100.235,83,6872
"170",2016-01-22,100.23,100.23,100.23,100.23,46,6872
"171",2016-01-20,100.19,100.19,100.19,100.195,1,6373
"172",2016-01-19,100.18,100.18,100.18,100.18,20,6373
"173",2016-01-18,100.185,100.185,100.185,100.185,0,6373
"174",2016-01-15,100.18,100.18,100.18,100.18,0,6378
"175",2016-01-14,100.185,100.185,100.175,100.175,166,6219
"176",2016-01-13,100.18,100.185,100.18,100.185,33,6219
"177",2016-01-12,100.19,100.19,100.19,100.19,0,6219
"178",2016-01-11,100.185,100.185,100.185,100.185,0,6219
"179",2016-01-08,100.19,100.19,100.19,100.19,0,6219
"180",2016-01-07,100.19,100.19,100.19,100.185,30,6189
"181",2016-01-06,100.18,100.18,100.18,100.185,20,6189
"182",2016-01-05,100.175,100.18,100.175,100.175,65,6139
"183",2016-01-04,100.165,100.165,100.165,100.165,0,6139
"184",2015-12-31,100.165,100.165,100.165,100.165,0,6139
"185",2015-12-30,100.165,100.165,100.165,100.165,11,6139
"186",2015-12-29,100.165,100.165,100.165,100.165,13,6141
"187",2015-12-28,100.165,100.165,100.165,100.165,34,6141
"188",2015-12-24,100.16,100.16,100.16,100.16,0,6141
"189",2015-12-23,100.16,100.16,100.16,100.16,0,6141
"190",2015-12-22,100.155,100.155,100.155,100.155,58,6130
"191",2015-12-21,100.155,100.155,100.155,100.155,20,6120
"192",2015-12-18,100.17,100.17,100.165,100.165,216,5936
"193",2015-12-17,100.165,100.165,100.165,100.165,0,5936
"194",2015-12-16,100.165,100.165,100.16,100.165,36,5961
"195",2015-12-15,100.16,100.16,100.16,100.16,60,6011
"196",2015-12-14,100.16,100.16,100.16,100.165,416,5827
"197",2015-12-11,100.13,100.13,100.13,100.13,5,27306
"198",2015-12-10,100.125,100.13,100.125,100.13,79,27300
"199",2015-12-09,100.13,100.13,100.13,100.125,17,27300
"200",2015-12-08,100.12,100.125,100.12,100.125,50,27315
"201",2015-12-07,100.12,100.12,100.12,100.12,15,28770
"202",2015-12-04,100.11,100.12,100.11,100.11,229,28824
"203",2015-12-03,100.19,100.195,100.19,100.11,35,28825
"204",2015-12-02,100.185,100.185,100.185,100.185,15,28825
"205",2015-12-01,100.19,100.19,100.19,100.19,84,28825
"206",2015-11-30,100.18,100.18,100.18,100.18,0,28825
"207",2015-11-27,100.195,100.195,100.195,100.195,0,28825
"208",2015-11-26,100.19,100.19,100.19,100.185,207,28825
"209",2015-11-25,100.19,100.19,100.19,100.19,42,28825
"210",2015-11-24,100.17,100.17,100.17,100.17,51,28825
"211",2015-11-23,100.17,100.18,100.17,100.18,331,28825
"212",2015-11-20,100.16,100.16,100.16,100.17,100,28825
"213",2015-11-19,100.15,100.15,100.15,100.15,22,28827
"214",2015-11-18,100.155,100.155,100.155,100.155,3,28827
"215",2015-11-17,100.155,100.155,100.155,100.15,101,28827
"216",2015-11-16,100.145,100.145,100.145,100.145,51,28827
"217",2015-11-13,100.15,100.15,100.15,100.145,5,28827
"218",2015-11-12,100.145,100.145,100.145,100.145,155,28827
"219",2015-11-11,100.135,100.135,100.135,100.14,221,29027
"220",2015-11-10,100.13,100.13,100.13,100.125,237,29052
"221",2015-11-09,100.14,100.14,100.13,100.12,30,29052
"222",2015-11-06,100.12,100.12,100.115,100.1,211,29251
"223",2015-11-05,100.115,100.12,100.115,100.115,10,29253
"224",2015-11-04,100.125,100.125,100.115,100.115,60,29252
"225",2015-11-03,100.11,100.11,100.11,100.11,101,29253
"226",2015-11-02,100.105,100.105,100.105,100.105,44,29253
"227",2015-10-30,100.11,100.11,100.11,100.115,1,29253
"228",2015-10-29,100.115,100.115,100.11,100.115,88,29253
"229",2015-10-28,100.12,100.12,100.12,100.115,72,29303
"230",2015-10-27,100.12,100.12,100.12,100.12,165,29303
"231",2015-10-26,100.115,100.115,100.115,100.11,53,29353
"232",2015-10-23,100.115,100.12,100.11,100.115,18,29353
"233",2015-10-22,100.07,100.105,100.07,100.105,49,29354
"234",2015-10-21,100.07,100.07,100.07,100.07,21,29354
"235",2015-10-20,100.07,100.07,100.07,100.07,43,29353
"236",2015-10-19,100.075,100.075,100.075,100.07,43,29354
"237",2015-10-16,100.075,100.075,100.07,100.075,27,29349
"238",2015-10-15,100.065,100.07,100.065,100.07,1552,29249
"239",2015-10-14,100.06,100.06,100.055,100.06,7,29249
"240",2015-10-13,100.06,100.06,100.055,100.06,23,29249
"241",2015-10-12,100.06,100.06,100.06,100.06,0,29249
"242",2015-10-09,100.055,100.055,100.055,100.06,642,29389
"243",2015-10-08,100.06,100.06,100.06,100.06,0,29389
"244",2015-10-07,100.055,100.055,100.055,100.06,1,29389
"245",2015-10-06,100.06,100.06,100.06,100.06,682,29389
"246",2015-10-05,100.065,100.065,100.065,100.065,962,29385
"247",2015-10-02,100.055,100.06,100.055,100.06,1857,27690
"248",2015-10-01,100.055,100.055,100.055,100.055,352,27690
"249",2015-09-30,100.05,100.05,100.05,100.05,5,27690
"250",2015-09-29,100.055,100.055,100.055,100.055,4,27690
"251",2015-09-28,100.05,100.05,100.05,100.05,43,27690
"252",2015-09-25,100.045,100.045,100.045,100.045,0,27690
"253",2015-09-24,100.045,100.05,100.045,100.05,1014,27689
"254",2015-09-23,100.05,100.05,100.05,100.05,0,27692
"255",2015-09-22,100.045,100.05,100.045,100.055,8020,32530
"256",2015-09-21,100.035,100.035,100.035,100.04,18,32543
"257",2015-09-18,100.04,100.04,100.04,100.04,4,32543
"258",2015-09-17,100.035,100.035,100.035,100.035,36,32543
"259",2015-09-16,100.04,100.04,100.04,100.04,605,31940
"260",2015-09-15,100.04,100.04,100.04,100.04,0,31940
"261",2015-09-14,100.04,100.04,100.04,100.04,260,31819
"262",2015-09-11,100.04,100.04,100.035,100.04,64,13932
"263",2015-09-10,100.04,100.04,100.035,100.04,54,13984
"264",2015-09-09,100.04,100.04,100.04,100.04,22,14005
"265",2015-09-08,100.04,100.04,100.035,100.04,410,14106
"266",2015-09-07,100.04,100.04,100.04,100.04,0,14106
"267",2015-09-04,100.04,100.04,100.04,100.04,111,14072
"268",2015-09-03,100.04,100.04,100.04,100.04,449,14112
"269",2015-09-02,100.04,100.04,100.04,100.04,102,14132
"270",2015-09-01,100.035,100.035,100.035,100.035,24,14132
"271",2015-08-31,100.035,100.04,100.035,100.035,14,14129
"272",2015-08-28,100.035,100.035,100.035,100.035,900,13832
"273",2015-08-27,100.035,100.035,100.035,100.035,91,13865
"274",2015-08-26,100.035,100.035,100.035,100.035,0,13865
"275",2015-08-25,100.035,100.035,100.035,100.035,80,13865
"276",2015-08-24,100.035,100.035,100.035,100.03,224,13858
"277",2015-08-21,100.035,100.035,100.035,100.035,0,13858
"278",2015-08-20,100.035,100.035,100.03,100.035,71,13865
"279",2015-08-19,100.03,100.03,100.03,100.03,5,13865
"280",2015-08-18,100.03,100.03,100.03,100.03,5,13870
"281",2015-08-17,100.03,100.03,100.03,100.03,0,13870
"282",2015-08-14,100.035,100.035,100.03,100.03,275,13614
"283",2015-08-13,100.03,100.03,100.03,100.03,45,13640
"284",2015-08-12,100.03,100.03,100.03,100.03,0,13640
"285",2015-08-11,100.03,100.03,100.03,100.03,12,13640
"286",2015-08-10,100.025,100.03,100.025,100.03,45,13623
"287",2015-08-07,100.03,100.03,100.03,100.03,26,13624
"288",2015-08-06,100.03,100.03,100.03,100.03,0,13624
"289",2015-08-05,100.03,100.03,100.03,100.03,331,13550
"290",2015-08-04,100.03,100.03,100.03,100.03,32,13582
"291",2015-08-03,100.03,100.03,100.03,100.03,0,13582
"292",2015-07-31,100.02,100.02,100.02,100.025,64,13582
"293",2015-07-30,100.025,100.025,100.025,100.025,164,13737
"294",2015-07-29,100.02,100.02,100.02,100.02,40,13766
"295",2015-07-28,100.02,100.02,100.02,100.02,0,13766
"296",2015-07-27,100.02,100.025,100.02,100.015,26,13761
"297",2015-07-24,100.02,100.02,100.02,100.02,12,13761
"298",2015-07-23,100.015,100.02,100.015,100.015,24,13761
"299",2015-07-22,100.02,100.02,100.02,100.015,200,13765
"300",2015-07-21,100.02,100.02,100.02,100.02,31,13796
"301",2015-07-20,100.02,100.02,100.02,100.015,10,13805
"302",2015-07-17,100.015,100.015,100.015,100.015,0,13805
"303",2015-07-16,100.02,100.02,100.02,100.02,0,13805
"304",2015-07-15,100.015,100.015,100.015,100.015,0,13805
"305",2015-07-14,100.015,100.015,100.015,100.015,0,13805
"306",2015-07-13,100.015,100.015,100.015,100.015,44,13849
"307",2015-07-10,100,100,100,100,42,13891
"308",2015-07-09,100,100,100,100,0,13891
"309",2015-07-08,99.99,99.99,99.99,99.99,0,14141
"310",2015-07-07,99.985,99.985,99.975,99.98,396,13985
"311",2015-07-06,99.99,99.99,99.99,99.99,250,13985
"312",2015-07-03,99.99,99.99,99.99,99.985,590,13995
"313",2015-07-02,99.995,99.995,99.99,99.99,46,13981
"314",2015-07-01,99.99,99.99,99.99,99.99,25,13981
"315",2015-06-30,99.985,99.985,99.985,99.985,0,13981
"316",2015-06-29,99.97,99.97,99.97,99.98,30,13981
"317",2015-06-26,99.99,99.99,99.99,99.99,1500,12836
"318",2015-06-25,99.99,99.99,99.99,99.99,6,12836
"319",2015-06-24,100,100,99.995,99.99,228,12922
"320",2015-06-23,100,100,100,99.995,62,12952
"321",2015-06-22,99.985,99.99,99.985,100,134,12998
"322",2015-06-19,99.975,99.975,99.975,99.975,158,13080
"323",2015-06-18,99.965,99.965,99.965,99.97,70,13090
"324",2015-06-17,99.955,99.96,99.955,99.955,170,13419
"325",2015-06-16,99.955,99.955,99.955,99.955,239,13512
"326",2015-06-15,99.955,99.955,99.95,99.955,445,13362
"327",2015-06-12,100.01,100.01,100.01,100.01,0,7664
"328",2015-06-11,100.01,100.01,100.01,100.01,263,7912
"329",2015-06-10,100.01,100.01,100.01,100.01,0,7912
"330",2015-06-09,100.01,100.01,100.01,100.01,553,8159
"331",2015-06-08,100.01,100.01,100.01,100.01,22,8159
"332",2015-06-05,100.005,100.005,100.005,100.01,75,8162
"333",2015-06-04,100.01,100.01,100.01,100.01,0,8162
"334",2015-06-03,100.01,100.01,100.01,100.01,250,7912
"335",2015-06-02,100.005,100.005,100.005,100.005,0,7916
"336",2015-06-01,100.005,100.005,100.005,100.005,4,7916
"337",2015-05-29,100.005,100.005,100.005,100.005,4,7920
"338",2015-05-28,100.01,100.01,100.005,100.01,4,7924
"339",2015-05-27,100.01,100.01,100.01,100.01,23,7932
"340",2015-05-26,100.005,100.005,100.005,100.01,780,7728
"341",2015-05-25,100.01,100.01,100.01,100.01,0,7728
"342",2015-05-22,100.01,100.01,100.01,100.01,6,7730
"343",2015-05-21,100.01,100.01,100.01,100.015,202,7732
"344",2015-05-20,100.015,100.015,100.015,100.01,30,7762
"345",2015-05-19,100.01,100.01,100.01,100.01,135,7897
"346",2015-05-18,100.01,100.01,100.01,100.01,1,7897
"347",2015-05-15,100.01,100.01,100.01,100.01,43,7897
"348",2015-05-14,100.01,100.01,100.01,100.01,10,7897
"349",2015-05-13,100.005,100.005,100.005,100.005,38,7897
"350",2015-05-12,100.005,100.005,100.005,100.005,50,7897
"351",2015-05-11,100.005,100.005,100.005,100.005,0,7897
"352",2015-05-08,100.005,100.005,100.005,100.005,0,7897
"353",2015-05-07,100.005,100.005,100.005,100.005,0,7897
"354",2015-05-06,100,100.005,100,100.005,547,7828
"355",2015-05-05,100.005,100.005,100.005,100.01,1599,7894
"356",2015-05-04,100.01,100.01,100.01,100.01,0,7894
"357",2015-04-30,100.005,100.005,100.005,100.005,0,7894
"358",2015-04-29,100.01,100.01,100.01,100.01,35,7879
"359",2015-04-28,100.015,100.015,100.015,100.015,0,7879
"360",2015-04-27,99.995,99.995,99.995,100.005,1,7880
"361",2015-04-24,99.995,99.995,99.995,100,158,7959
"362",2015-04-23,100.005,100.005,100.005,100.005,728,7647
"363",2015-04-22,100,100,100,100,1090,7097
"364",2015-04-21,100,100,100,100,0,7097
"365",2015-04-20,100.005,100.005,100.005,100,1057,6197
"366",2015-04-17,100.005,100.005,100.005,100.005,1766,6089
"367",2015-04-16,100.015,100.015,100.01,100.005,80,6090
"368",2015-04-15,100.01,100.01,100.005,100.01,623,6089
"369",2015-04-14,100.005,100.005,100.005,100.005,0,6089
"370",2015-04-13,100,100,100,100,56,6089
"371",2015-04-10,100,100,100,100,0,6089
"372",2015-04-09,100,100,100,100,0,6089
"373",2015-04-08,99.99,99.995,99.99,99.995,62,6059
"374",2015-04-07,99.985,99.985,99.985,99.985,0,6059
"375",2015-04-02,99.98,99.98,99.98,99.98,70,5997
"376",2015-04-01,99.985,99.985,99.985,99.985,93,6049
"377",2015-03-31,99.99,99.99,99.99,99.99,0,6049
"378",2015-03-30,99.99,99.99,99.99,99.99,0,6049
"379",2015-03-27,99.99,99.99,99.99,99.99,0,6049
"380",2015-03-26,99.985,99.985,99.985,99.99,32,6024
"381",2015-03-25,99.99,99.99,99.99,99.985,1,6024
"382",2015-03-24,99.985,99.985,99.985,99.985,114,5975
"383",2015-03-23,99.985,99.985,99.985,99.98,425,6024
"384",2015-03-20,99.99,99.99,99.99,99.99,0,6024
"385",2015-03-19,99.995,99.995,99.995,99.985,520,5934
"386",2015-03-18,99.98,99.98,99.98,99.98,5024,2365
"387",2015-03-17,99.98,99.98,99.98,99.985,2,2367
"388",2015-03-16,100,100,100,100.005,20,2367
"389",2015-03-13,99.975,99.975,99.975,99.975,25,7764
"390",2015-03-12,99.975,99.975,99.975,99.975,12,7776
"391",2015-03-11,99.975,99.975,99.975,99.975,103,7779
"392",2015-03-10,99.975,99.975,99.975,99.975,0,7779
"393",2015-03-09,99.97,99.97,99.97,99.97,17,7796
"394",2015-03-06,99.97,99.97,99.97,99.97,22,7818
"395",2015-03-05,99.97,99.97,99.97,99.97,6,7824
"396",2015-03-04,99.97,99.97,99.97,99.97,0,7824
"397",2015-03-03,99.97,99.97,99.97,99.97,5,7829
"398",2015-03-02,99.97,99.97,99.97,99.97,700,8099
"399",2015-02-27,99.975,99.975,99.975,99.975,0,8099
"400",2015-02-26,99.97,99.97,99.97,99.97,0,8099
"401",2015-02-25,99.965,99.965,99.965,99.965,40,8139
"402",2015-02-24,99.96,99.96,99.96,99.96,1,8140
"403",2015-02-23,99.955,99.965,99.955,99.96,2,8140
"404",2015-02-20,99.94,99.94,99.94,99.94,20,8160
"405",2015-02-19,99.945,99.945,99.945,99.945,0,8160
"406",2015-02-18,99.95,99.95,99.95,99.95,0,8160
"407",2015-02-17,99.945,99.945,99.945,99.945,0,8160
"408",2015-02-16,99.945,99.945,99.945,99.945,0,8160
"409",2015-02-13,99.95,99.95,99.95,99.95,0,8160
"410",2015-02-12,99.945,99.945,99.945,99.945,0,8160
"411",2015-02-11,99.94,99.94,99.94,99.94,0,8160
"412",2015-02-10,99.945,99.945,99.945,99.945,45,8180
"413",2015-02-09,99.94,99.94,99.94,99.935,1,8180
"414",2015-02-06,99.93,99.93,99.93,99.94,250,8071
"415",2015-02-05,99.94,99.94,99.94,99.94,0,8071
"416",2015-02-04,99.94,99.94,99.94,99.94,1,8071
"417",2015-02-03,99.945,99.945,99.945,99.945,3,8074
"418",2015-02-02,99.935,99.94,99.935,99.94,5001,3504
"419",2015-01-30,99.94,99.94,99.94,99.935,30,3475
"420",2015-01-29,99.945,99.945,99.945,99.945,20,3495
"421",2015-01-28,99.955,99.96,99.955,99.96,280,3621
"422",2015-01-27,99.96,99.96,99.96,99.96,0,3621
"423",2015-01-26,99.95,99.95,99.95,99.95,34,3655
"424",2015-01-23,99.96,99.96,99.96,99.96,29,3684
"425",2015-01-22,99.96,99.965,99.96,99.97,305,3597
"426",2015-01-21,99.975,99.975,99.965,99.965,90,3687
"427",2015-01-20,99.975,99.975,99.975,99.975,0,3687
"428",2015-01-19,99.98,99.98,99.98,99.98,13,3700
"429",2015-01-16,99.98,99.985,99.965,99.975,83,3770
"430",2015-01-15,99.92,99.92,99.92,99.92,0,3770
"431",2015-01-14,99.945,99.945,99.945,99.945,1,3770
"432",2015-01-13,99.94,99.94,99.935,99.94,211,3935
"433",2015-01-12,99.935,99.935,99.935,99.94,1,3936
"434",2015-01-09,99.935,99.94,99.935,99.94,10,3936
"435",2015-01-08,99.935,99.935,99.935,99.935,1,3936
"436",2015-01-07,99.94,99.94,99.935,99.935,4,3936
"437",2015-01-06,99.94,99.94,99.94,99.94,2,3938
"438",2015-01-05,99.935,99.935,99.935,99.935,5,3943
"439",2015-01-02,99.935,99.935,99.935,99.935,2,3943
"440",2014-12-31,99.925,99.925,99.925,99.925,0,3943
"441",2014-12-30,99.925,99.925,99.925,99.925,0,3943
"442",2014-12-29,99.92,99.92,99.92,99.92,0,3943
"443",2014-12-24,99.915,99.915,99.915,99.915,0,3943
"444",2014-12-23,99.915,99.915,99.915,99.915,0,3943
"445",2014-12-22,99.915,99.915,99.915,99.915,8,3951
"446",2014-12-19,99.915,99.915,99.915,99.915,0,3951
"447",2014-12-18,99.905,99.905,99.905,99.905,1,3950
"448",2014-12-17,99.905,99.905,99.905,99.9,30,3953
"449",2014-12-16,99.9,99.9,99.9,99.9,0,3953
"450",2014-12-15,99.91,99.91,99.91,99.91,90,3943
"451",2014-12-12,99.92,99.92,99.92,99.92,0,3039
"452",2014-12-11,99.92,99.92,99.92,99.92,0,3039
"453",2014-12-10,99.915,99.915,99.915,99.915,5,3039
"454",2014-12-09,99.915,99.915,99.915,99.915,32,3064
"455",2014-12-08,99.915,99.915,99.915,99.915,0,3064
"456",2014-12-05,99.915,99.915,99.915,99.915,720,3500
"457",2014-12-04,99.915,99.915,99.915,99.915,0,3500
"458",2014-12-03,99.92,99.92,99.92,99.92,0,3500
"459",2014-12-02,99.915,99.915,99.915,99.915,45,3570
"460",2014-12-01,99.91,99.91,99.91,99.915,350,3870
"461",2014-11-28,99.915,99.915,99.915,99.915,0,3870
"462",2014-11-27,99.91,99.91,99.91,99.91,0,3891
"463",2014-11-26,99.91,99.91,99.91,99.91,491,4265
"464",2014-11-25,99.91,99.91,99.91,99.91,0,4265
"465",2014-11-24,99.91,99.91,99.91,99.91,0,4265
"466",2014-11-21,99.91,99.91,99.91,99.91,596,4169
"467",2014-11-20,99.91,99.91,99.91,99.91,52,4121
"468",2014-11-19,99.905,99.905,99.905,99.905,37,4104
"469",2014-11-17,99.91,99.91,99.91,99.91,0,4072
"470",2014-11-14,99.91,99.91,99.91,99.91,4,4076
"471",2014-11-13,99.915,99.915,99.915,99.915,0,4076
"472",2014-11-12,99.915,99.915,99.915,99.915,100,4034
"473",2014-11-11,99.91,99.91,99.91,99.91,1,4034
"474",2014-11-10,99.915,99.915,99.915,99.915,0,4034
"475",2014-11-07,99.915,99.915,99.915,99.915,780,4814
"476",2014-11-06,99.915,99.915,99.915,99.915,2,4816
"477",2014-11-05,99.915,99.915,99.915,99.915,1,4817
"478",2014-11-04,99.91,99.91,99.91,99.91,0,4817
"479",2014-11-03,99.905,99.905,99.905,99.905,0,4817
"480",2014-10-31,99.9,99.9,99.9,99.9,0,4817
"481",2014-10-30,99.89,99.89,99.89,99.895,500,4369
"482",2014-10-29,99.895,99.895,99.895,99.895,0,4369
"483",2014-10-28,99.89,99.89,99.89,99.89,0,4369
"484",2014-10-27,99.89,99.89,99.89,99.89,0,4369
"485",2014-10-24,99.885,99.885,99.885,99.885,0,4369
"486",2014-10-23,99.895,99.895,99.895,99.895,0,4369
"487",2014-10-22,99.895,99.895,99.895,99.895,0,4369
"488",2014-10-21,99.89,99.895,99.89,99.89,30,4349
"489",2014-10-20,99.905,99.905,99.905,99.9,1,4350
"490",2014-10-17,99.895,99.895,99.895,99.895,0,4350
"491",2014-10-16,99.885,99.885,99.88,99.885,26,4350
"492",2014-10-15,99.905,99.905,99.905,99.905,0,4350
"493",2014-10-14,99.905,99.905,99.905,99.91,1007,3909
"494",2014-10-13,99.895,99.895,99.895,99.905,20,3892
"495",2014-10-10,99.91,99.91,99.91,99.91,40,3892
"496",2014-10-09,99.915,99.915,99.915,99.915,15,3892
"497",2014-10-08,99.92,99.92,99.92,99.92,0,3892
"498",2014-10-07,99.915,99.915,99.915,99.92,63,3872
"499",2014-10-06,99.915,99.915,99.915,99.92,25,3852
"500",2014-10-03,99.925,99.925,99.925,99.925,20,3832
"501",2014-10-02,99.925,99.925,99.925,99.93,1,3833
"502",2014-10-01,99.93,99.93,99.93,99.93,0,3833
"503",2014-09-30,99.925,99.925,99.925,99.92,31,3827
"504",2014-09-29,99.92,99.92,99.92,99.92,0,3827
"505",2014-09-26,99.92,99.92,99.92,99.92,27,3820
"506",2014-09-25,99.92,99.92,99.92,99.92,0,3820
"507",2014-09-24,99.91,99.915,99.91,99.915,13,3832
"508",2014-09-23,99.92,99.92,99.92,99.91,3,3832
"509",2014-09-22,99.925,99.925,99.925,99.925,7,3825
"510",2014-09-19,99.925,99.925,99.925,99.925,204,3621
"511",2014-09-18,99.91,99.91,99.91,99.91,0,3621
"512",2014-09-17,99.92,99.92,99.92,99.92,33,3588
"513",2014-09-16,99.92,99.92,99.915,99.91,7,3592
"514",2014-09-15,99.925,99.925,99.92,99.925,262,3648
"515",2014-09-12,99.92,99.92,99.92,99.92,0,4512
"516",2014-09-11,99.92,99.92,99.92,99.92,0,4512
"517",2014-09-10,99.915,99.915,99.915,99.915,0,4512
"518",2014-09-09,99.915,99.915,99.915,99.915,5,4512
"519",2014-09-08,99.92,99.92,99.92,99.92,0,4512
"520",2014-09-05,99.91,99.91,99.91,99.915,75,4548
"521",2014-09-04,99.865,99.87,99.865,99.905,281,4441
"522",2014-09-03,99.865,99.865,99.865,99.865,2032,4554
"523",2014-09-02,99.865,99.865,99.865,99.865,0,4554
"524",2014-09-01,99.865,99.865,99.865,99.865,0,4554
"525",2014-08-29,99.855,99.855,99.855,99.85,41,4554
"526",2014-08-28,99.845,99.845,99.845,99.845,0,4554
"527",2014-08-27,99.85,99.85,99.85,99.845,1,4554
"528",2014-08-26,99.85,99.855,99.845,99.85,59,4554
"529",2014-08-25,99.845,99.845,99.845,99.85,2134,3775
"530",2014-08-22,99.825,99.825,99.825,99.82,25,3800
"531",2014-08-21,99.82,99.82,99.82,99.82,0,3800
"532",2014-08-20,99.825,99.825,99.825,99.825,0,3800
"533",2014-08-19,99.82,99.82,99.82,99.82,0,3800
"534",2014-08-18,99.815,99.815,99.815,99.815,0,3800
"535",2014-08-15,99.815,99.815,99.815,99.81,16,3792
"536",2014-08-14,99.815,99.815,99.815,99.815,0,3792
"537",2014-08-13,99.81,99.81,99.81,99.81,0,3792
"538",2014-08-12,99.805,99.805,99.805,99.805,0,3792
"539",2014-08-11,99.805,99.805,99.805,99.805,0,3792
"540",2014-08-08,99.8,99.8,99.8,99.8,0,3792
"541",2014-08-07,99.8,99.8,99.8,99.8,25,3786
"542",2014-08-06,99.8,99.8,99.8,99.8,0,3786
"543",2014-08-05,99.795,99.795,99.795,99.795,0,3786
"544",2014-08-04,99.79,99.79,99.79,99.79,0,3786
"545",2014-08-01,99.79,99.79,99.79,99.79,0,3786
"546",2014-07-31,99.79,99.79,99.79,99.79,0,3786
"547",2014-07-30,99.79,99.79,99.79,99.79,0,3786
"548",2014-07-29,99.79,99.79,99.79,99.79,5,3781
"549",2014-07-28,99.78,99.78,99.78,99.79,1,3782
"550",2014-07-25,99.78,99.78,99.78,99.785,25,3757
"551",2014-07-24,99.78,99.78,99.78,99.78,0,3757
"552",2014-07-23,99.78,99.78,99.78,99.78,0,3757
"553",2014-07-22,99.79,99.79,99.79,99.78,500,3757
"554",2014-07-21,99.795,99.795,99.795,99.795,0,3757
"555",2014-07-18,99.8,99.8,99.8,99.8,0,3757
"556",2014-07-17,99.805,99.805,99.805,99.805,0,3757
"557",2014-07-16,99.805,99.805,99.805,99.805,0,3757
"558",2014-07-15,99.805,99.805,99.805,99.805,0,3757
"559",2014-07-14,99.805,99.805,99.805,99.805,0,3757
"560",2014-07-11,99.81,99.81,99.81,99.81,0,3757
"561",2014-07-10,99.81,99.81,99.81,99.81,6,3763
"562",2014-07-09,99.82,99.82,99.815,99.815,58,3763
"563",2014-07-08,99.82,99.82,99.82,99.82,0,3763
"564",2014-07-07,99.825,99.825,99.825,99.825,0,3763
"565",2014-07-04,99.825,99.825,99.825,99.825,0,3767
"566",2014-07-03,99.82,99.82,99.82,99.825,16,3755
"567",2014-07-02,99.825,99.825,99.825,99.825,0,3755
"568",2014-07-01,99.825,99.825,99.825,99.83,25,3780
"569",2014-06-30,99.82,99.82,99.82,99.82,0,3780
"570",2014-06-27,99.825,99.825,99.825,99.825,0,3780
"571",2014-06-26,99.825,99.825,99.825,99.825,0,3780
"572",2014-06-25,99.82,99.825,99.82,99.82,550,3781
"573",2014-06-24,99.81,99.81,99.81,99.815,40,3761
"574",2014-06-23,99.81,99.81,99.81,99.81,397,3944
"575",2014-06-20,99.81,99.81,99.81,99.81,0,3944
"576",2014-06-19,99.82,99.82,99.82,99.82,0,3944
"577",2014-06-18,99.82,99.82,99.81,99.815,65,3882
"578",2014-06-17,99.82,99.82,99.82,99.82,0,3882
"579",2014-06-16,99.835,99.835,99.835,99.835,4,3882
"580",2014-06-13,99.765,99.77,99.765,99.78,51,2526
"581",2014-06-12,99.765,99.765,99.765,99.765,49,2526
"582",2014-06-11,99.755,99.755,99.755,99.76,301,2225
"583",2014-06-10,99.75,99.75,99.745,99.75,323,1966
"584",2014-06-09,99.745,99.745,99.745,99.75,1,1967
"585",2014-06-06,99.77,99.77,99.75,99.755,1082,1728
"586",2014-06-05,99.765,99.765,99.755,99.775,148,1626
"587",2014-06-04,99.755,99.755,99.755,99.76,2,1626
"588",2014-06-03,99.745,99.75,99.745,99.75,121,1531
"589",2014-06-02,99.74,99.75,99.74,99.75,408,1652
"590",2014-05-30,99.745,99.745,99.745,99.745,4,1656
"591",2014-05-29,99.75,99.75,99.75,99.75,0,1656
"592",2014-05-28,99.75,99.75,99.74,99.75,20,1656
"593",2014-05-27,99.75,99.75,99.75,99.75,1,1657
"594",2014-05-26,99.75,99.75,99.75,99.75,2,1656
"595",2014-05-23,99.745,99.745,99.745,99.745,0,1656
"596",2014-05-22,99.74,99.74,99.74,99.74,23,1656
"597",2014-05-21,99.74,99.74,99.735,99.74,68,1673
"598",2014-05-20,99.74,99.74,99.74,99.745,113,1662
"599",2014-05-19,99.74,99.74,99.735,99.74,72,1645
"600",2014-05-16,99.745,99.745,99.745,99.745,0,1645
"601",2014-05-15,99.755,99.755,99.755,99.755,0,1645
"602",2014-05-14,99.735,99.735,99.735,99.74,308,1762
"603",2014-05-13,99.73,99.73,99.73,99.73,201,1633
"604",2014-05-12,99.72,99.72,99.72,99.725,23,1620
"605",2014-05-09,99.725,99.725,99.725,99.725,0,1620
"606",2014-05-08,99.73,99.73,99.73,99.73,0,1620
"607",2014-05-07,99.71,99.71,99.71,99.71,0,1620
"608",2014-05-06,99.71,99.71,99.71,99.71,0,1620
"609",2014-05-05,99.715,99.715,99.715,99.715,0,1620
"610",2014-05-02,99.71,99.71,99.71,99.71,0,1620
"611",2014-04-30,99.715,99.715,99.715,99.715,0,1620
"612",2014-04-29,99.7,99.7,99.7,99.705,6,1619
"613",2014-04-28,99.685,99.685,99.685,99.685,0,1619
"614",2014-04-25,99.685,99.685,99.685,99.685,0,1619
"615",2014-04-24,99.685,99.685,99.685,99.685,0,1619
"616",2014-04-23,99.69,99.69,99.69,99.69,0,1619
"617",2014-04-22,99.7,99.7,99.7,99.7,0,1619
"618",2014-04-17,99.705,99.705,99.705,99.705,0,1619
"619",2014-04-16,99.71,99.71,99.71,99.71,0,1619
"620",2014-04-15,99.72,99.72,99.72,99.72,0,1619
"621",2014-04-14,99.71,99.71,99.71,99.715,17,1609
"622",2014-04-11,99.705,99.715,99.705,99.705,4,1609
"623",2014-04-10,99.72,99.72,99.72,99.72,0,1609
"624",2014-04-09,99.71,99.71,99.71,99.71,0,1609
"625",2014-04-08,99.705,99.705,99.705,99.705,0,1609
"626",2014-04-07,99.705,99.705,99.705,99.705,0,1609
"627",2014-04-04,99.695,99.695,99.695,99.7,5,1611
"628",2014-04-03,99.69,99.69,99.69,99.69,0,1611
"629",2014-04-02,99.7,99.7,99.7,99.705,24,1589
"630",2014-04-01,99.7,99.7,99.7,99.7,0,1589
"631",2014-03-31,99.705,99.705,99.705,99.71,5,1587
"632",2014-03-28,99.715,99.715,99.715,99.715,0,1587
"633",2014-03-27,99.725,99.725,99.725,99.725,0,1587
"634",2014-03-26,99.705,99.71,99.705,99.71,278,1337
"635",2014-03-25,99.695,99.695,99.695,99.7,62,1275
"636",2014-03-24,99.68,99.68,99.68,99.68,0,1275
"637",2014-03-21,99.665,99.665,99.665,99.665,2,1275
"638",2014-03-20,99.67,99.675,99.67,99.675,6,1273
"639",2014-03-19,99.685,99.685,99.685,99.685,0,1273
"640",2014-03-18,99.69,99.695,99.69,99.69,202,1302
"641",2014-03-17,99.695,99.695,99.695,99.695,0,1302
"642",2014-03-14,99.695,99.695,99.695,99.695,0,2318
"643",2014-03-13,99.7,99.7,99.7,99.7,0,2318
"644",2014-03-12,99.695,99.695,99.695,99.695,0,2318
"645",2014-03-11,99.695,99.695,99.695,99.695,5,2321
"646",2014-03-10,99.68,99.68,99.68,99.69,1,2322
"647",2014-03-07,99.685,99.685,99.685,99.68,361,2380
"648",2014-03-06,99.735,99.735,99.735,99.7,350,2430
"649",2014-03-05,99.74,99.74,99.74,99.73,1,2431
"650",2014-03-04,99.74,99.74,99.74,99.74,5,2633
"651",2014-03-03,99.725,99.725,99.725,99.725,23,2870
"652",2014-03-02,99.75,99.75,99.73,99.725,13,2942
"653",2014-03-01,99.75,99.75,99.73,99.725,13,2942
"654",2014-02-28,99.725,99.725,99.725,99.725,252,2842
"655",2014-02-27,99.74,99.74,99.735,99.74,405,3109
"656",2014-02-26,99.73,99.73,99.73,99.735,106,3045
"657",2014-02-25,99.73,99.73,99.73,99.735,21,3039
"658",2014-02-24,99.74,99.74,99.73,99.735,45,3043
"659",2014-02-23,99.75,99.75,99.73,99.725,13,2942
"660",2014-02-22,99.75,99.75,99.73,99.725,13,2942
"661",2014-02-21,99.74,99.74,99.74,99.74,51,3094
"662",2014-02-20,99.74,99.74,99.74,99.74,0,3094
"663",2014-02-19,99.745,99.745,99.745,99.745,0,3094
"664",2014-02-18,99.74,99.74,99.74,99.735,5,3099
"665",2014-02-17,99.745,99.745,99.74,99.74,102,3134
"666",2014-02-16,99.75,99.75,99.73,99.725,13,2942
"667",2014-02-15,99.75,99.75,99.73,99.725,13,2942
"668",2014-02-14,99.745,99.745,99.745,99.745,0,3134
"669",2014-02-13,99.745,99.745,99.745,99.745,0,3134
"670",2014-02-12,99.73,99.73,99.73,99.735,250,2934
"671",2014-02-11,99.73,99.73,99.73,99.73,0,2934
"672",2014-02-10,99.73,99.73,99.73,99.73,0,2934
"673",2014-02-09,99.75,99.75,99.73,99.725,13,2942
"674",2014-02-08,99.75,99.75,99.73,99.725,13,2942
"675",2014-02-07,99.735,99.735,99.735,99.735,0,2934
"676",2014-02-06,99.75,99.75,99.73,99.725,13,2942
"677",2014-02-05,99.75,99.75,99.75,99.75,0,2942
"678",2014-02-04,99.755,99.755,99.755,99.755,31,2971
"679",2014-02-03,99.75,99.75,99.75,99.75,0,2971
"680",2014-01-31,99.75,99.75,99.75,99.75,0,2971
"681",2014-01-30,99.72,99.72,99.72,99.725,100,3071
"682",2014-01-29,99.71,99.71,99.71,99.71,0,3071
"683",2014-01-28,99.7,99.705,99.7,99.71,111,3077
"684",2014-01-27,99.7,99.7,99.7,99.7,0,3077
"685",2014-01-24,99.705,99.71,99.705,99.71,100,3027
"686",2014-01-23,99.72,99.72,99.72,99.72,0,3027
"687",2014-01-22,99.7,99.7,99.7,99.7,1,3028
"688",2014-01-21,99.7,99.7,99.7,99.7,0,3028
"689",2014-01-20,99.7,99.7,99.7,99.705,15,3018
"690",2014-01-18,99.69,99.69,99.69,99.7,250,3184
"691",2014-01-17,99.69,99.69,99.69,99.7,250,3184
"692",2014-01-16,99.68,99.68,99.68,99.68,0,3184
"693",2014-01-15,99.675,99.675,99.675,99.675,0,3184
"694",2014-01-14,99.7,99.7,99.7,99.685,1,3184
"695",2014-01-13,99.7,99.7,99.7,99.705,6,3182
"696",2014-01-09,99.705,99.705,99.705,99.705,0,3182
"697",2014-01-08,99.71,99.715,99.705,99.695,439,3065
"698",2014-01-07,99.715,99.715,99.715,99.715,98,3043
"699",2014-01-06,99.725,99.725,99.725,99.725,0,3043
"700",2014-01-03,99.73,99.73,99.73,99.73,20,3023
"701",2014-01-02,99.725,99.725,99.725,99.725,13,3010
"702",2013-12-30,99.73,99.73,99.73,99.73,0,3010
"703",2013-12-27,99.72,99.72,99.72,99.725,64,2950
"704",2013-12-24,99.71,99.71,99.71,99.71,0,2950
"705",2013-12-23,99.715,99.715,99.715,99.71,4,2950
"706",2013-12-20,99.72,99.72,99.72,99.71,2,2948
"707",2013-12-19,99.73,99.73,99.73,99.725,1,2947
"708",2013-12-18,99.705,99.705,99.705,99.705,301,2651
"709",2013-12-17,99.66,99.685,99.66,99.68,253,2596
"710",2013-12-16,99.71,99.71,99.71,99.71,0,2963
"711",2013-12-13,99.71,99.71,99.71,99.71,0,2963
"712",2013-12-12,99.71,99.72,99.71,99.71,5013,5310
"713",2013-12-11,99.725,99.73,99.725,99.72,6,5305
"714",2013-12-10,99.725,99.725,99.725,99.725,3,5305
"715",2013-12-09,99.73,99.73,99.73,99.73,0,5305
"716",2013-12-06,99.735,99.75,99.735,99.73,5475,2673
"717",2013-12-05,99.75,99.75,99.75,99.74,597,2217
"718",2013-12-04,99.76,99.76,99.75,99.755,16,2209
"719",2013-12-03,99.755,99.76,99.755,99.755,63,2271
"720",2013-12-02,99.76,99.76,99.76,99.76,0,2271
"721",2013-11-29,99.76,99.76,99.76,99.76,0,2271
"722",2013-11-28,99.76,99.76,99.76,99.76,90,2361
"723",2013-11-27,99.76,99.76,99.76,99.76,0,2361
"724",2013-11-26,99.76,99.76,99.76,99.76,0,2361
"725",2013-11-25,99.76,99.76,99.76,99.76,0,2361
"726",2013-11-22,99.76,99.76,99.76,99.76,0,2361
"727",2013-11-21,99.78,99.78,99.78,99.78,6,2363
"728",2013-11-20,99.78,99.78,99.78,99.78,2042,2546
"729",2013-11-19,99.78,99.78,99.78,99.77,5944,7413
"730",2013-11-18,99.78,99.78,99.78,99.78,50,7413
"731",2013-11-15,99.78,99.78,99.78,99.78,80,7493
"732",2013-11-14,99.79,99.79,99.78,99.78,13,7485
"733",2013-11-13,99.78,99.78,99.78,99.78,126,7589
"734",2013-11-12,99.78,99.78,99.78,99.78,2,7589
"735",2013-11-11,99.78,99.78,99.78,99.78,16,7573
"736",2013-11-08,99.78,99.785,99.78,99.785,16,7589
"737",2013-11-07,99.795,99.795,99.79,99.79,22,7589
"738",2013-11-06,99.76,99.765,99.76,99.765,24,7573
"739",2013-11-05,99.765,99.765,99.765,99.765,300,7597
"740",2013-11-04,99.77,99.775,99.77,99.77,17,7597
"741",2013-11-01,99.77,99.78,99.77,99.77,430,7589
"742",2013-10-31,99.76,99.76,99.76,99.76,1,7413
"743",2013-10-30,99.745,99.745,99.74,99.74,1,7413
"744",2013-10-29,99.735,99.735,99.735,99.735,95,7413
"745",2013-10-28,99.73,99.73,99.73,99.73,1,7413
"746",2013-10-25,99.735,99.735,99.73,99.73,1,7413
"747",2013-10-24,99.74,99.74,99.735,99.735,16,7413
"748",2013-10-23,99.745,99.75,99.745,99.745,21,7413
"749",2013-10-22,99.74,99.75,99.74,99.745,76,7397
"750",2013-10-21,99.735,99.74,99.735,99.74,50,7402
"751",2013-10-18,99.745,99.745,99.74,99.74,18,7402
"752",2013-10-17,99.74,99.74,99.74,99.74,39,7402
"753",2013-10-16,99.725,99.73,99.725,99.73,412,7402
"754",2013-10-15,99.73,99.73,99.73,99.73,25,7068
"755",2013-10-14,99.72,99.72,99.72,99.72,17,7068
"756",2013-10-11,99.72,99.72,99.72,99.72,0,7068
"757",2013-10-10,99.71,99.72,99.71,99.72,17,7068
"758",2013-10-09,99.72,99.72,99.705,99.705,1,7068
"759",2013-10-08,99.725,99.725,99.71,99.715,100,7068
"760",2013-10-07,99.735,99.735,99.735,99.735,9,7068
"761",2013-10-04,99.735,99.735,99.73,99.73,76,7085
"762",2013-10-03,99.74,99.74,99.74,99.74,4,7077
"763",2013-10-02,99.74,99.74,99.735,99.735,24,7077
"764",2013-10-01,99.735,99.735,99.735,99.735,0,7077
"765",2013-09-30,99.725,99.73,99.725,99.73,2,7077
"766",2013-09-27,99.73,99.73,99.73,99.73,0,7077
"767",2013-09-26,99.73,99.73,99.73,99.73,0,7077
"768",2013-09-25,99.725,99.73,99.725,99.73,7,7077
"769",2013-09-24,99.735,99.735,99.735,99.735,0,7077
"770",2013-09-23,99.73,99.73,99.73,99.73,60,7077
"771",2013-09-20,99.735,99.735,99.725,99.725,1832,7077
"772",2013-09-19,99.735,99.735,99.73,99.73,5561,5288
"773",2013-09-18,99.725,99.725,99.72,99.72,5,2111
"774",2013-09-17,99.73,99.73,99.725,99.725,5,2114
"775",2013-09-16,99.78,99.78,99.78,99.78,6,8818
"776",2013-09-13,99.775,99.78,99.775,99.78,6,8824
"777",2013-09-12,99.775,99.775,99.775,99.775,0,8824
"778",2013-09-11,99.775,99.775,99.775,99.775,4,8824
"779",2013-09-10,99.775,99.775,99.775,99.775,34,8824
"780",2013-09-09,99.77,99.775,99.77,99.775,34,8824
"781",2013-09-06,99.77,99.77,99.77,99.77,214,8824
"782",2013-09-05,99.775,99.775,99.76,99.77,19,8824
"783",2013-09-04,99.77,99.775,99.77,99.775,2,8822
"784",2013-09-03,99.77,99.775,99.765,99.77,777,8726
"785",2013-09-02,99.77,99.77,99.765,99.77,113,8726
"786",2013-08-30,99.77,99.77,99.77,99.77,83,8872
"787",2013-08-29,99.77,99.77,99.765,99.765,55,8874
"788",2013-08-28,99.765,99.765,99.765,99.765,63,8872
"789",2013-08-27,99.765,99.765,99.765,99.765,4,8872
"790",2013-08-26,99.765,99.765,99.765,99.765,1,8872
"791",2013-08-23,99.755,99.755,99.755,99.755,2,8872
"792",2013-08-22,99.76,99.76,99.76,99.76,2,8872
"793",2013-08-21,99.76,99.76,99.755,99.755,23,8872
"794",2013-08-20,99.76,99.76,99.755,99.755,15,8873
"795",2013-08-19,99.755,99.755,99.755,99.755,0,8873
"796",2013-08-16,99.755,99.755,99.755,99.755,0,8873
"797",2013-08-15,99.75,99.75,99.75,99.75,0,8873
"798",2013-08-14,99.755,99.755,99.755,99.755,0,8873
"799",2013-08-13,99.745,99.745,99.745,99.745,0,8873
"800",2013-08-12,99.76,99.76,99.76,99.76,0,8873
"801",2013-08-09,99.76,99.76,99.76,99.76,3,8873
"802",2013-08-08,99.755,99.755,99.755,99.755,50,8873
"803",2013-08-07,99.755,99.755,99.755,99.755,0,8873
"804",2013-08-06,99.755,99.755,99.755,99.755,50,8873
"805",2013-08-05,99.755,99.755,99.755,99.755,8602,8873
"806",2013-08-02,99.755,99.755,99.755,99.755,0,8873
"807",2013-08-01,99.765,99.765,99.76,99.76,8602,8873
"808",2013-07-31,99.755,99.755,99.755,99.755,0,2462
"809",2013-07-30,99.755,99.755,99.755,99.755,5,2462
"810",2013-07-29,99.755,99.755,99.75,99.75,2,2457
"811",2013-07-26,99.75,99.75,99.75,99.75,0,2455
"812",2013-07-25,99.75,99.75,99.75,99.75,0,2455
"813",2013-07-24,99.735,99.735,99.735,99.735,18,2455
"814",2013-07-23,99.735,99.735,99.735,99.735,174,2437
"815",2013-07-22,99.745,99.745,99.745,99.745,0,2437
"816",2013-07-19,99.765,99.765,99.755,99.755,174,2437
"817",2013-07-18,99.765,99.765,99.765,99.765,0,2427
"818",2013-07-17,99.755,99.755,99.755,99.755,0,2427
"819",2013-07-16,99.755,99.755,99.755,99.755,0,2427
"820",2013-07-15,99.75,99.75,99.75,99.75,0,2427
"821",2013-07-12,99.75,99.75,99.75,99.75,23,2427
"822",2013-07-11,99.75,99.75,99.75,99.75,23,2427
"823",2013-07-10,99.76,99.76,99.76,99.76,0,2427
"824",2013-07-09,99.77,99.77,99.77,99.77,0,2427
"825",2013-07-08,99.78,99.78,99.775,99.775,258,2427
"826",2013-07-05,99.77,99.775,99.77,99.775,1,2171
"827",2013-07-04,99.76,99.765,99.76,99.765,40,2170
"828",2013-07-03,99.725,99.725,99.725,99.725,10,2140
"829",2013-07-02,99.73,99.735,99.73,99.735,4,2150
"830",2013-07-01,99.72,99.72,99.72,99.72,0,2146
"831",2013-06-28,99.73,99.73,99.72,99.73,210,2146
"832",2013-06-27,99.735,99.735,99.735,99.735,58,1976
"833",2013-06-26,99.71,99.725,99.71,99.715,8,1976
"834",2013-06-25,99.675,99.675,99.66,99.675,3,1979
"835",2013-06-24,99.61,99.635,99.61,99.63,17,1979
"836",2013-06-21,99.705,99.705,99.685,99.685,300,1976
"837",2013-06-20,99.735,99.735,99.715,99.72,18,1899
"838",2013-06-19,99.76,99.76,99.755,99.755,14,1899
"839",2013-06-18,99.755,99.755,99.75,99.755,65,1896
"840",2013-06-17,99.79,99.79,99.79,99.79,41,2964
"841",2013-06-14,99.785,99.79,99.785,99.79,41,2973
"842",2013-06-13,99.785,99.785,99.785,99.785,0,2973
"843",2013-06-12,99.79,99.79,99.785,99.785,160,2973
"844",2013-06-11,99.79,99.79,99.79,99.79,418,3023
"845",2013-06-10,99.79,99.79,99.785,99.785,418,3023
"846",2013-06-07,99.785,99.785,99.785,99.785,0,2854
"847",2013-06-06,99.805,99.805,99.79,99.79,10,2854
"848",2013-06-05,99.805,99.805,99.8,99.8,46,2863
"849",2013-06-04,99.8,99.8,99.8,99.8,0,2909
"850",2013-06-03,99.795,99.795,99.795,99.795,0,2909
"851",2013-05-31,99.805,99.805,99.8,99.805,90,2909
"852",2013-05-30,99.8,99.8,99.8,99.8,0,2909
"853",2013-05-29,99.8,99.8,99.8,99.8,100,2909
"854",2013-05-28,99.805,99.805,99.805,99.805,2,3009
"855",2013-05-27,99.8,99.8,99.8,99.8,0,3009
"856",2013-05-24,99.795,99.8,99.795,99.8,2,3009
"857",2013-05-23,99.8,99.8,99.8,99.8,0,3011
"858",2013-05-22,99.805,99.805,99.805,99.805,0,3011
"859",2013-05-21,99.805,99.805,99.805,99.805,0,3011
"860",2013-05-20,99.805,99.805,99.805,99.805,0,3011
"861",2013-05-17,99.81,99.81,99.81,99.81,0,3011
"862",2013-05-16,99.805,99.805,99.805,99.805,0,3011
"863",2013-05-15,99.805,99.805,99.8,99.8,200,3011
"864",2013-05-14,99.79,99.79,99.785,99.785,1,3211
"865",2013-05-13,99.785,99.785,99.785,99.785,0,3212
"866",2013-05-10,99.8,99.8,99.785,99.785,100,3212
"867",2013-05-09,99.8,99.8,99.8,99.8,0,3200
"868",2013-05-08,99.8,99.8,99.8,99.8,0,3200
"869",2013-05-07,99.8,99.8,99.8,99.8,200,3200
"870",2013-05-06,99.81,99.815,99.805,99.815,450,3000
"871",2013-05-03,99.815,99.815,99.815,99.815,0,2750
"872",2013-05-02,99.82,99.835,99.82,99.835,14,2750
"873",2013-04-30,99.825,99.825,99.82,99.82,2,2738
"874",2013-04-29,99.82,99.83,99.82,99.825,88,2736
"875",2013-04-26,99.815,99.825,99.815,99.82,205,2736
"876",2013-04-25,99.82,99.82,99.82,99.82,410,2765
"877",2013-04-24,99.82,99.82,99.815,99.82,410,2765
"878",2013-04-23,99.815,99.815,99.815,99.815,0,3055
"879",2013-04-22,99.81,99.81,99.81,99.81,200,3055
"880",2013-04-19,99.805,99.805,99.805,99.805,5,2855
"881",2013-04-18,99.81,99.81,99.81,99.81,0,2855
"882",2013-04-17,99.8,99.805,99.8,99.805,5,2855
"883",2013-04-16,99.795,99.795,99.795,99.795,0,2850
"884",2013-04-15,99.795,99.795,99.795,99.795,0,2850
"885",2013-04-12,99.785,99.785,99.785,99.785,1,2850
"886",2013-04-11,99.775,99.775,99.775,99.775,3,2850
"887",2013-04-10,99.775,99.775,99.775,99.775,242,2847
"888",2013-04-09,99.77,99.775,99.77,99.775,242,2847
"889",2013-04-08,99.785,99.785,99.775,99.775,97,2669
"890",2013-04-05,99.8,99.8,99.785,99.785,18,2674
"891",2013-04-04,99.775,99.795,99.775,99.795,406,2687
"892",2013-04-03,99.775,99.775,99.77,99.775,57,2696
"893",2013-04-02,99.765,99.775,99.765,99.775,505,2739
"894",2013-03-28,99.73,99.745,99.72,99.745,785,2431
"895",2013-03-27,99.735,99.735,99.725,99.73,21,2452
"896",2013-03-26,99.74,99.745,99.74,99.74,23,2452
"897",2013-03-25,99.73,99.73,99.72,99.725,53,2450
"898",2013-03-22,99.7,99.7,99.69,99.7,66,2447
"899",2013-03-21,99.735,99.735,99.715,99.715,2,2381
"900",2013-03-20,99.715,99.73,99.71,99.71,4,2380
"901",2013-03-19,99.715,99.715,99.665,99.7,90,2378
"902",2013-03-18,99.795,99.795,99.795,99.795,0,4705
"903",2013-03-15,99.795,99.795,99.795,99.795,7,4707
"904",2013-03-14,99.795,99.795,99.795,99.795,4,4707
"905",2013-03-13,99.8,99.8,99.795,99.795,4,4707
"906",2013-03-12,99.795,99.8,99.795,99.795,1500,4710
"907",2013-03-11,99.8,99.8,99.795,99.795,6,5591
"908",2013-03-08,99.795,99.795,99.795,99.795,50,5597
"909",2013-03-07,99.815,99.815,99.79,99.79,50,5597
"910",2013-03-06,99.815,99.815,99.815,99.815,0,5647
"911",2013-03-05,99.805,99.805,99.805,99.805,2956,5647
"912",2013-03-04,99.81,99.81,99.81,99.81,36,4085
"913",2013-03-01,99.805,99.805,99.805,99.805,36,4100
"914",2013-02-28,99.8,99.8,99.8,99.8,0,4100
"915",2013-02-27,99.79,99.79,99.79,99.79,0,4100
"916",2013-02-26,99.785,99.785,99.785,99.785,0,4100
"917",2013-02-25,99.785,99.79,99.785,99.79,100,4100
"918",2013-02-22,99.79,99.79,99.79,99.79,0,4108
"919",2013-02-21,99.76,99.76,99.76,99.76,16,4108
"920",2013-02-20,99.755,99.755,99.75,99.75,16,4108
"921",2013-02-19,99.755,99.755,99.755,99.755,2,4115
"922",2013-02-18,99.755,99.755,99.755,99.755,132,4116
"923",2013-02-15,99.76,99.76,99.75,99.76,132,4116
"924",2013-02-14,99.755,99.755,99.755,99.755,32,4115
"925",2013-02-13,99.75,99.75,99.745,99.745,31,4132
"926",2013-02-12,99.75,99.75,99.75,99.75,16,4132
"927",2013-02-11,99.74,99.745,99.74,99.745,2,4142
"928",2013-02-08,99.745,99.75,99.745,99.75,9,4140
"929",2013-02-07,99.74,99.745,99.74,99.745,6,4135
"930",2013-02-06,99.735,99.735,99.735,99.735,34,4131
"931",2013-02-05,99.73,99.73,99.725,99.73,18,4151
"932",2013-02-04,99.725,99.73,99.725,99.73,16,4139
"933",2013-02-01,99.72,99.72,99.72,99.72,1,4134
"934",2013-01-31,99.705,99.705,99.705,99.705,2,4134
"935",2013-01-30,99.695,99.7,99.695,99.7,20,4135
"936",2013-01-29,99.705,99.705,99.705,99.705,22,4124
"937",2013-01-28,99.675,99.685,99.675,99.685,137,4124
"938",2013-01-25,99.68,99.68,99.68,99.68,357,4066
"939",2013-01-24,99.725,99.73,99.725,99.725,371,4020
"940",2013-01-23,99.74,99.74,99.74,99.74,17,3968
"941",2013-01-22,99.74,99.74,99.74,99.74,51,3959
"942",2013-01-21,99.73,99.73,99.725,99.73,65,4031
"943",2013-01-18,99.735,99.735,99.72,99.72,1053,4031
"944",2013-01-17,99.75,99.75,99.715,99.72,469,3081
"945",2013-01-16,99.765,99.765,99.765,99.765,211,2934
"946",2013-01-15,99.75,99.755,99.745,99.75,54,2933
"947",2013-01-14,99.755,99.755,99.745,99.745,220,2962
"948",2013-01-11,99.78,99.78,99.755,99.755,281,3042
"949",2013-01-10,99.8,99.8,99.785,99.785,275,3106
"950",2013-01-09,99.815,99.815,99.81,99.81,271,2846
"951",2013-01-08,99.795,99.805,99.795,99.805,401,3130
"952",2013-01-07,99.805,99.805,99.79,99.795,181,3130
"953",2013-01-04,99.795,99.795,99.795,99.795,1,3297
"954",2013-01-03,99.825,99.825,99.815,99.815,12,3296
"955",2013-01-02,99.825,99.825,99.825,99.825,2,3295
"956",2012-12-28,99.825,99.83,99.825,99.83,45,3295
"957",2012-12-27,99.82,99.82,99.815,99.82,200,3156
"958",2012-12-21,99.84,99.84,99.83,99.83,259,2952
"959",2012-12-20,99.835,99.835,99.83,99.83,4,2967
"960",2012-12-19,99.83,99.83,99.83,99.83,2,2967
"961",2012-12-18,99.84,99.84,99.83,99.835,17,2965
